A,C,G,U
13884,10934,11432,13526
14369,10800,11351,13401
14250,11070,11443,13390
13496,11207,11737,13002
14118,10696,11596,13438
14004,10837,11508,13443
14369,10863,11386,13675
14201,10854,11426,13530
14426,10885,10995,13957
14490,10915,11217,13679
14315,10788,11289,13872
14069,11147,11320,13524
14295,10851,11414,13765
14102,10966,11528,13177
14164,10817,11191,13505
14239,10929,11369,13499
14264,10703,11187,13648
14309,11051,11439,13464
14471,10859,11215,13781
13944,10976,11472,13424
14209,10808,11457,13418
14142,10871,11284,13540
13938,11251,11614,13717
13787,11222,11517,13334
14287,11004,11201,13710
14085,10908,11384,13750
14145,10877,11438,13538
13642,10854,11664,13643
13966,10765,11327,13619
14452,10790,11229,14133
13918,10788,11464,13646
14548,10700,11255,13941
14396,10642,11334,13712
14379,10811,11309,13559
13735,11200,11525,13400
14367,11118,11455,13270
13826,10916,11803,13328
14019,10872,11628,13377
14064,10934,11245,13981
14170,10678,11390,13556
14170,10922,11384,13477
14247,10868,11181,13461
14007,11130,11792,13195
14392,10839,11235,13797
14153,10732,11460,13486
13889,10730,11535,13657
14004,10823,11394,13537
14024,10864,11385,13598
14056,10972,11304,13385
14411,11075,11466,13408
14016,11000,11378,13344
14185,10726,11341,13544
13849,10956,11526,13162
14186,10948,11533,13304
14342,10584,11168,13612
14144,10657,11353,13619
14143,10986,11359,13502
13947,11025,11472,13400
14179,10971,11343,13685
14224,10804,11415,13579
13986,10636,11285,13757
14033,11160,11339,13195
14658,10753,11167,13880
14153,10614,11509,13412
13927,10828,11380,13775
14153,10722,11428,14000
14357,10761,11410,13590
13984,10645,11326,13438
14019,11122,11254,13614
14368,10810,11714,13267
14168,10749,11088,13833
13971,10865,11328,13553
14341,10875,11245,13671
14026,10777,11340,13528
13714,10954,11471,13557
14252,10918,11389,13423
13732,11095,11427,13492
14383,10824,11409,13601
13929,10997,11493,13468
13928,10964,11315,13678
14212,10640,11179,13747
14196,10713,11440,13575
14075,10739,11358,13737
13887,10976,11525,13562
14238,10837,11507,13774
14216,10851,11397,13543
14056,10726,11193,13848
14031,10822,11295,13461
14251,10956,11230,13467
14173,10878,11341,13566
13959,10670,11479,13611
13950,10874,11294,13508
13916,11003,11285,13717
14234,10936,11613,13519
14139,10791,11234,13439
14197,10928,11432,13424
13854,11035,11432,13437
13960,10839,11365,13705
14192,10826,11166,14020
14381,10692,11163,13683
