A,C,G,T
2711,2321,2351,2770
2596,2117,2135,2685
2664,2242,2257,2635
2715,2319,2362,2698
2817,2562,2583,2931
2493,1972,1999,2519
2757,2267,2262,2660
2552,2084,2069,2506
2519,2119,2093,2579
2573,2171,2196,2629
2634,2230,2234,2672
2579,2141,2155,2481
2612,2130,2215,2684
3019,2463,2462,2870
2588,2112,2058,2683
2728,2209,2292,2730
2982,2256,2318,2973
2628,2177,2238,2640
2657,2221,2257,2651
2711,2231,2256,2685
2823,2263,2250,2800
2680,2262,2256,2631
2795,2131,2133,2797
2557,2236,2287,2532
2649,2251,2245,2743
2542,2129,2152,2554
2685,2093,2090,2699
2269,1918,1954,2217
2827,2456,2472,2826
3008,2450,2500,3141
2680,2234,2215,2640
2503,2117,2178,2546
2669,2258,2300,2721
2466,1988,2037,2500
2718,2229,2223,2680
2685,2238,2302,2774
2755,2314,2292,2805
2604,2068,2096,2591
2722,2233,2241,2772
2850,2462,2549,2889
2808,2365,2342,2875
2657,2177,2232,2787
2851,2367,2414,2819
2657,2126,2127,2540
2912,2240,2362,2973
2840,2391,2485,2950
2734,2254,2300,2735
2860,2357,2393,2997
2663,2099,2152,2727
2852,2224,2280,2761
2793,2253,2244,2817
2689,2330,2264,2853
2879,2374,2404,2896
2601,2214,2202,2644
3012,2412,2469,2929
2883,2377,2519,2958
3014,2452,2618,2987
2757,2149,2177,2677
2830,2215,2194,2823
2747,2295,2317,2708
2474,2062,2084,2414
2683,2325,2322,2756
2452,1931,1937,2514
2628,2093,2166,2687
2415,2114,2107,2413
2658,2352,2347,2723
2668,2259,2232,2695
2653,2118,2082,2609
2498,2150,2195,2538
2467,2094,2088,2454
2650,2225,2194,2568
2480,2101,2087,2550
2755,2253,2356,2826
2648,2351,2398,2736
2555,2135,2170,2559
2933,2467,2470,3002
2569,2267,2265,2587
2787,2288,2365,2737
2804,2338,2354,2782
2633,2183,2181,2614
2597,2203,2189,2564
2520,2101,2096,2505
2568,2067,2101,2582
2864,2314,2384,2947
2597,2193,2085,2651
2713,2208,2248,2673
2644,2127,2076,2627
2485,2118,2105,2485
2375,2090,2119,2404
2629,2144,2149,2641
2557,2186,2213,2623
2556,2171,2253,2610
2749,2282,2293,2726
2667,2227,2216,2687
2821,2379,2353,2844
2780,2296,2282,2840
2765,2291,2371,2869
2692,2250,2256,2668
2595,2249,2368,2649
2716,2221,2226,2710
